,as_of,entry_time,exit_time,direction,entry,stop,take_profit,exit_price,pnl,r_multiple,outcome,bars_held,confidence,position_size,notional,leverage,entry_model_mean,entry_model_vol,entry_model_calibrated,sl_tp_method,sl_tp_risk_appetite,sl_tp_friction_sigma,sl_tp_unit,regime_enabled,regime_label,regime_confidence,regime_lookback,regime_route
0,2025-10-04T21:00:00+00:00,2025-10-05 02:00:00+00:00,2025-10-05 02:00:00+00:00,long,"122751,14736178264","122054,23282096631","123701,48537198672","123701,48537198672","13,63636363636356","1,363636363636356",tp,1,"0,6441","0,014348961622018002","1761,3515025529243","0,176135150255292",NHITS,EGARCH_t,True,atr,conservative,"0,75","506,8469387755096","1,0",TREND_UP,"0,25","200,0",trend
1,2025-10-05T02:00:00+00:00,2025-10-05 03:00:00+00:00,2025-10-05 03:00:00+00:00,long,"124119,83361111442","123405,9510090736","125093,30988662461","123405,9510090736","-10,0","-1,0",sl,1,"0,6441","0,014007905461503002","1738,6588951220567","0,17386588951220502",regime_momentum,EGARCH_t,True,atr,conservative,"0,75","519,187346938775","1,0",BREAKOUT_VOL_EXPANSION,"0,41557061676870904","200,0",alternate
2,2025-10-05T05:00:00+00:00,2025-10-05 09:00:00+00:00,2025-10-05 09:00:00+00:00,short,"122840,51120962549","123618,47245962548","121779,65495962549","123618,47245962548","-7,0","-1,0",sl,1,"0,6441","0,008997877464976","1105,3038675993002","0,11053038675993",regime_mean_reversion,EGARCH_t,True,atr,conservative,"0,75","565,7899999999995","1,0",RANGE,"0,33680354922438605","200,0",alternate
3,2025-10-05T09:00:00+00:00,2025-10-05 10:00:00+00:00,2025-10-05 16:00:00+00:00,long,"123066,61025367244","122341,90070153063","124175,60961591733","122341,90070153063","-10,0","-1,0",sl,7,"0,6441","0,013798631424749","1698,1507955837071","0,16981507955837002",NHITS,EGARCH_t,True,atr,conservative,"0,75","591,4663265306118",,,,,
4,2025-10-05T20:00:00+00:00,2025-10-05 21:00:00+00:00,2025-10-05 23:00:00+00:00,short,"122623,88959990324","123334,5768703114","121654,7705948012","123334,5768703114","-7,0","-1,0",sl,3,"0,6441","0,009849620629872","1207,798792718414","0,12077987927184101",regime_mean_reversion,EGARCH_t,True,atr,conservative,"0,75","516,8634693877553","1,0",RANGE,"0,324652819329783","200,0",alternate
5,2025-10-06T11:00:00+00:00,2025-10-06 13:00:00+00:00,2025-10-06 18:00:00+00:00,long,"124935,47775648128","124725,12327806123","126030,82023097108","126030,82023097108","19,287983582810075","5,207126954067231",tp,6,"0,6441","0,017609089423647","2200,0","0,22",NHITS,EGARCH_t,True,atr,conservative,"0,75","584,182653061225",,,,,
6,2025-10-06T20:00:00+00:00,2025-10-06 21:00:00+00:00,2025-10-07 08:00:00+00:00,short,"124837,53398802665","125011,44264030612","123589,85886047564","123589,85886047564","15,391362157256754","7,17431313047052",tp,12,"0,6441","0,012336033489316","1540,0","0,154",NHITS,EGARCH_t,True,atr,conservative,"0,75","665,4267346938782","1,0",RANGE,"0,257620893346635","200,0",alternate
7,2025-10-07T08:00:00+00:00,2025-10-07 09:00:00+00:00,2025-10-07 12:00:00+00:00,short,"123934,73391965166","124805,95159822308","122746,7098125088","124805,95159822308","-7,0","-1,0",sl,4,"0,6441","0,008034731356092001","995,7822927332131","0,09957822927332101",regime_mean_reversion,EGARCH_t,True,atr,conservative,"0,75","633,6128571428583","1,0",RANGE,"0,391589447099562","200,0",alternate
8,2025-10-07T12:00:00+00:00,2025-10-07 13:00:00+00:00,2025-10-07 13:00:00+00:00,short,"124167,0623866811","124993,88131525253","123039,58202953823","124993,88131525253","-7,0","-1,0",sl,1,"0,6441","0,008466182568043","1051,2210191033093","0,10512210191033",regime_mean_reversion,EGARCH_t,True,atr,conservative,"0,75","601,3228571428579","1,0",RANGE,"0,35806211967316004","200,0",alternate
9,2025-10-07T13:00:00+00:00,2025-10-07 14:00:00+00:00,2025-10-07 14:00:00+00:00,long,"124066,64899987876","123206,42009681753","125239,68841314406","123206,42009681753","-7,0","-1,0",sl,1,"0,6441","0,008137368989916","1009,5761022544192","0,100957610225441",regime_mean_reversion,EGARCH_t,True,atr,conservative,"0,75","625,6210204081638","1,0",RANGE,"0,38643313398142204","200,0",alternate
10,2025-10-08T06:00:00+00:00,2025-10-08 10:00:00+00:00,2025-10-08 13:00:00+00:00,long,"123015,26895493777","122036,95308759082","124349,33604677451","122036,95308759082","-10,0","-1,0",sl,4,"0,6441","0,010221647561659001","1257,4187239601658","0,125741872396016",NHITS,EGARCH_t,True,atr,conservative,"0,75","711,502448979592",,,,,
11,2025-10-08T13:00:00+00:00,2025-10-08 14:00:00+00:00,2025-10-09 01:00:00+00:00,long,"122988,49798458279","122733,50415816325","124371,04874988891","122733,50415816325","-4,5612917249652405","-1,0",sl,12,"0,6441","0,017887851596299003","2200,0","0,22",NHITS,EGARCH_t,True,atr,conservative,"0,75","737,3604081632653",,,,,
12,2025-10-09T07:00:00+00:00,2025-10-09 12:00:00+00:00,2025-10-09 14:00:00+00:00,long,"123168,19207080014","122313,2181377551","124539,88467284096","122313,2181377551","-10,0","-1,0",sl,3,"0,6441","0,011696263024516","1440,607570714226","0,14406075707142202",NHITS,EGARCH_t,True,atr,conservative,"0,75","731,5693877551025",,,,,
13,2025-10-10T05:00:00+00:00,2025-10-10 09:00:00+00:00,2025-10-10 14:00:00+00:00,long,"121800,67459027152","121104,12304846938","123160,56272802662","121104,12304846938","-10,0","-1,0",sl,6,"0,6441","0,014356439401638001","1748,624003833876","0,17486240038338702",NHITS,EGARCH_t,True,atr,conservative,"0,75","725,273673469389",,,,,
14,2025-10-12T16:00:00+00:00,2025-10-12 17:00:00+00:00,2025-10-13 00:00:00+00:00,short,"114116,30709393302","115852,58946638199","111748,64931332078","115852,58946638199","-7,0","-1,0",sl,8,"0,6441","0,00403160229642","460,07156573894645","0,046007156573894",regime_mean_reversion,EGARCH_t,True,atr,conservative,"0,75","1262,75081632653","1,0",RANGE,"0,23123642501396902","200,0",alternate
15,2025-10-13T10:00:00+00:00,2025-10-13 13:00:00+00:00,2025-10-13 14:00:00+00:00,long,"115045,88051581438","113953,56848214284","116584,45462295723","113953,56848214284","-10,0","-1,0",sl,2,"0,6441","0,009154893191451","1053,2327482387623","0,105323274823876",NHITS,EGARCH_t,True,atr,conservative,"0,75","820,5728571428564","1,0",TREND_UP,"0,25","200,0",trend
16,2025-10-17T03:00:00+00:00,2025-10-17 06:00:00+00:00,2025-10-17 07:00:00+00:00,short,"108156,46876926764","108570,40684948978","106425,18981518601","106425,18981518601","35,2157734282635","4,182458770530437",tp,2,"0,6441","0,020340900780454002","2200,0","0,22",NHITS,EGARCH_t,True,atr,conservative,"0,75","923,3487755102037",,,,,
17,2025-10-17T07:00:00+00:00,2025-10-17 08:00:00+00:00,2025-10-17 11:00:00+00:00,short,"104847,92124024831","105481,24420918367","103062,0174137177","105481,24420918367","-10,0","-1,0",sl,4,"0,6441","0,015789732080632002","1655,5205855947634","0,16555205855947602",NHITS,EGARCH_t,True,atr,conservative,"0,75","952,4820408163264","1,0",TREND_DOWN,"0,29337395874758804","200,0",trend
18,2025-10-17T11:00:00+00:00,2025-10-17 13:00:00+00:00,2025-10-17 15:00:00+00:00,short,"104889,94540534541","106283,13861963112","102990,13647677399","106283,13861963112","-10,0","-1,0",sl,3,"0,6441","0,00717775531596","752,8743632240728","0,075287436322407",NHITS,EGARCH_t,True,atr,conservative,"0,75","1013,2314285714288","1,0",TREND_DOWN,"0,37892492399365","200,0",trend
19,2025-10-17T15:00:00+00:00,2025-10-17 16:00:00+00:00,2025-10-18 16:00:00+00:00,short,"106627,48014016365","108048,12116057181","104690,2423850616","106688,24","-0,427693266374202","-0,04276932663742",timeout,25,"0,6441","0,007039075921605","750,5589280360824","0,07505589280360801",NHITS,EGARCH_t,True,atr,conservative,"0,75","1033,1934693877547","1,0",TREND_DOWN,"0,33567372674136503","200,0",trend
20,2025-10-18T23:00:00+00:00,2025-10-19 03:00:00+00:00,2025-10-19 08:00:00+00:00,long,"107364,27404628291","106386,52305138495","108697,5708575074","106386,52305138495","-7,0","-1,0",sl,6,"0,6441","0,007159287013285","768,6516528703875","0,076865165287038",regime_mean_reversion,EGARCH_t,True,atr,conservative,"0,75","711,0916326530598","1,0",RANGE,"0,47932632464912805","200,0",alternate
21,2025-10-19T08:00:00+00:00,2025-10-19 09:00:00+00:00,2025-10-19 09:00:00+00:00,long,"106704,98970566649","105835,69758831956","107890,38804750322","107890,38804750322","9,545454545454513","1,363636363636359",tp,1,"0,6441","0,008052529017936001","859,2450259635355","0,08592450259635301",regime_mean_reversion,EGARCH_t,True,atr,conservative,"0,75","632,2124489795901","1,0",RANGE,"0,325007829992","200,0",alternate
22,2025-10-19T09:00:00+00:00,2025-10-19 10:00:00+00:00,2025-10-19 11:00:00+00:00,short,"107120,67346888206","108014,78882602492","105901,42525459635","108014,78882602492","-7,0","-1,0",sl,2,"0,6441","0,007828967419112001","838,6442625013171","0,083864426250131",regime_mean_reversion,EGARCH_t,True,atr,conservative,"0,75","650,2657142857125","1,0",RANGE,"0,38994653603178003","200,0",alternate
23,2025-10-19T20:00:00+00:00,2025-10-20 00:00:00+00:00,2025-10-20 00:00:00+00:00,short,"107540,09431700187","108246,16804149166","106577,26651087943","108246,16804149166","-7,0","-1,0",sl,1,"0,6441","0,009913978890884","1066,1502249824882","0,106615022498248",regime_mean_reversion,EGARCH_t,True,atr,conservative,"0,75","513,5081632653051","1,0",RANGE,"0,403339315098845","200,0",alternate
24,2025-10-21T05:00:00+00:00,2025-10-21 10:00:00+00:00,2025-10-21 10:00:00+00:00,long,"108648,22625271177","107690,92964556892","109953,63071699749","107690,92964556892","-7,0","-1,0",sl,1,"0,6441","0,00731225823613","794,4638872573493","0,07944638872573401",regime_mean_reversion,EGARCH_t,True,atr,conservative,"0,75","696,2157142857129","1,0",RANGE,"0,241736112603839","200,0",alternate
25,2025-10-21T10:00:00+00:00,2025-10-21 12:00:00+00:00,2025-10-21 13:00:00+00:00,long,"108976,55262555652","108094,57116071429","110259,6606612708","108094,57116071429","-7,0","-1,0",sl,2,"0,6441","0,007936674725077001","864,9114508493107","0,08649114508493101",regime_mean_reversion,EGARCH_t,True,atr,conservative,"0,75","684,3242857142851","1,0",RANGE,"0,39693215444511604","200,0",alternate
26,2025-10-21T13:00:00+00:00,2025-10-21 14:00:00+00:00,2025-10-21 14:00:00+00:00,long,"108885,77607794345","107928,35656263733","110191,34814426997","110191,34814426997","9,545454545454565","1,363636363636366",tp,1,"0,6441","0,007311319529309","796,0987011027303","0,07960987011027301",regime_mean_reversion,EGARCH_t,True,atr,conservative,"0,75","696,305102040816","1,0",RANGE,"0,589410606937052","200,0",alternate
27,2025-10-21T15:00:00+00:00,2025-10-21 17:00:00+00:00,2025-10-21 17:00:00+00:00,short,"111862,48657566748","112939,21007056544","110394,22726444299","112939,21007056544","-10,0","-1,0",sl,1,"0,6441","0,009287435490527001","1038,9156278814976","0,10389156278814901",regime_momentum,EGARCH_t,True,atr,conservative,"0,75","783,0716326530611","1,0",BREAKOUT_VOL_EXPANSION,"0,393065463583786","200,0",alternate
28,2025-10-21T17:00:00+00:00,2025-10-21 21:00:00+00:00,2025-10-21 22:00:00+00:00,short,"110358,25241078789","111483,90149242054","108823,27639037972","108823,27639037972","9,545454545454561","1,363636363636366",tp,2,"0,6441","0,006218634309945001","686,277614827403","0,06862776148274001",regime_mean_reversion,EGARCH_t,True,atr,conservative,"0,75","818,6538775510203","1,0",RANGE,"0,21577814649663501","200,0",alternate
29,2025-10-22T14:00:00+00:00,2025-10-22 15:00:00+00:00,2025-10-23 03:00:00+00:00,short,"108296,46224898976","108549,58845663266","106559,56365205099","108549,58845663266","-5,142159265868072","-1,0",sl,13,"0,6441","0,020314606352900003","2200,0","0,22",NHITS,EGARCH_t,True,atr,conservative,"0,75","926,3459183673481",,,,,
30,2025-10-23T03:00:00+00:00,2025-10-23 04:00:00+00:00,2025-10-23 17:00:00+00:00,long,"108888,80390524727","108682,7206887755","110639,46691545135","110639,46691545135","24,759396182368782","8,49493248492593",tp,14,"0,6441","0,014142868180828001","1540,0","0,154",regime_mean_reversion,EGARCH_t,True,atr,conservative,"0,75","933,6869387755112","1,0",RANGE,"0,148913132884184","200,0",alternate
31,2025-10-24T02:00:00+00:00,2025-10-24 03:00:00+00:00,2025-10-24 04:00:00+00:00,short,"110314,39012308673","111335,34389859694","108922,18042920918","111335,34389859694","-10,0","-1,0",sl,2,"0,6441","0,009794762740362001","1080,5032781034456","0,108050327810344",NHITS,EGARCH_t,True,atr,conservative,"0,75","742,5118367346936",,,,,
32,2025-10-24T06:00:00+00:00,2025-10-24 11:00:00+00:00,2025-10-24 12:00:00+00:00,short,"110684,37555427018","111711,89032467834","109283,21904916814","111711,89032467834","-10,0","-1,0",sl,2,"0,6441","0,009732220195752001","1077,2047151234906","0,10772047151234901",NHITS,EGARCH_t,True,atr,conservative,"0,75","747,2834693877548",,,,,
33,2025-10-24T18:00:00+00:00,2025-10-24 21:00:00+00:00,2025-10-26 02:00:00+00:00,long,"111084,83506132875","110556,22727040817","112397,35572459405","111476,05","7,400854572914053","0,7400854572914051",timeout,25,"0,6441","0,018917617507272","2101,4604205487203","0,21014604205487203",NHITS,EGARCH_t,True,atr,conservative,"0,75","700,0110204081632","1,0",TREND_UP,"0,16","200,0",trend
34,2025-10-26T20:00:00+00:00,2025-10-26 22:00:00+00:00,2025-10-26 22:00:00+00:00,long,"114531,80044440212","114012,14501072865","115240,42149032048","114012,14501072865","-9,981873590091727","-1,0",sl,1,"0,6441","0,019208638923544002","2200,0","0,22",NHITS,EGARCH_t,True,atr,conservative,"0,75","377,9312244897972",,,,,
35,2025-10-26T22:00:00+00:00,2025-10-26 23:00:00+00:00,2025-10-26 23:00:00+00:00,short,"114416,26974620047","114976,47898089435","113652,348062527","114976,47898089435","-10,0","-1,0",sl,1,"0,6441","0,017850473324425003","2042,3845709848622","0,204238457098486",NHITS,EGARCH_t,True,atr,conservative,"0,75","407,4248979591847",,,,,
36,2025-10-26T23:00:00+00:00,2025-10-27 00:00:00+00:00,2025-10-27 05:00:00+00:00,long,"114843,16679346825","114624,37216836735","115614,34664040702","115614,34664040702","14,773152906140458","3,524674550771709",tp,6,"0,6441","0,019156559867044003","2200,0","0,22",NHITS,EGARCH_t,True,atr,conservative,"0,75","411,2959183673481",,,,,
37,2025-10-27T05:00:00+00:00,2025-10-27 06:00:00+00:00,2025-10-27 08:00:00+00:00,long,"115742,84307537203","115523,4712244898","116548,8328712904","115523,4712244898","-4,169744401618289","-1,0",sl,3,"0,6441","0,019007654741704003","2200,0","0,22",NHITS,EGARCH_t,True,atr,conservative,"0,75","429,86122448979705",,,,,
38,2025-10-29T15:00:00+00:00,2025-10-29 18:00:00+00:00,2025-10-29 18:00:00+00:00,short,"109628,46655713976","110481,97648060916","108464,58938877241","110481,97648060916","-10,0","-1,0",sl,1,"0,6441","0,011716325405276002","1284,4427878649174","0,128444278786491",regime_momentum,EGARCH_t,True,atr,conservative,"0,75","620,7344897959188","1,0",BREAKOUT_VOL_EXPANSION,"0,28986952588238","200,0",alternate
39,2025-10-31T01:00:00+00:00,2025-10-31 02:00:00+00:00,2025-10-31 09:00:00+00:00,short,"109269,22704969079","110356,33390306123","107614,15077418058","110356,33390306123","-10,0","-1,0",sl,8,"0,6441","0,009198727769028001","1005,1378731622864","0,10051378731622801",NHITS,EGARCH_t,True,atr,conservative,"0,75","882,7073469387761","1,0",TREND_DOWN,"0,32489980058309603","200,0",trend
40,2025-10-31T12:00:00+00:00,2025-10-31 13:00:00+00:00,2025-10-31 16:00:00+00:00,long,"110103,18320823406","109101,48793367347","111889,19417762182","109101,48793367347","-7,0","-1,0",sl,4,"0,6441","0,006988153161719001","769,4179078520011","0,07694179078520001",regime_mean_reversion,EGARCH_t,True,atr,conservative,"0,75","952,5391836734693","1,0",RANGE,"0,232623814957743","200,0",alternate
41,2025-11-01T09:00:00+00:00,2025-11-01 13:00:00+00:00,2025-11-02 04:00:00+00:00,short,"109677,95246709656","110707,40402321902","108274,15489056594","110707,40402321902","-7,0","-1,0",sl,16,"0,6441","0,006799737159431001","745,7812489608318","0,07457812489608301",regime_mean_reversion,EGARCH_t,True,atr,conservative,"0,75","748,692040816326","1,0",RANGE,"0,272231664436456","200,0",alternate
42,2025-11-02T08:00:00+00:00,2025-11-02 11:00:00+00:00,2025-11-02 13:00:00+00:00,long,"111008,7618720466","110321,72993327108","111945,62360674048","110321,72993327108","-7,0","-1,0",sl,3,"0,6441","0,010188754852468","1131,0410611903553","0,11310410611903501",NHITS,EGARCH_t,True,atr,conservative,"0,75","499,6595918367348","1,0",RANGE,"0,3467400218343","200,0",alternate
43,2025-11-02T13:00:00+00:00,2025-11-02 15:00:00+00:00,2025-11-02 16:00:00+00:00,short,"110064,78172101462","110718,67279244319","109173,11207815747","109173,11207815747","9,54545454545453","1,363636363636361",tp,2,"0,6441","0,010705146936334","1178,2596608390313","0,11782596608390301",regime_mean_reversion,EGARCH_t,True,atr,conservative,"0,75","475,5571428571432","1,0",RANGE,"0,403339315098845","200,0",alternate
44,2025-11-02T20:00:00+00:00,2025-11-02 21:00:00+00:00,2025-11-02 22:00:00+00:00,long,"110120,39000015287","109589,24686239776","110844,67609709164","109589,24686239776","-7,0","-1,0",sl,2,"0,6441","0,013179121600978","1451,2900105592314","0,14512900105592302",regime_mean_reversion,EGARCH_t,True,atr,conservative,"0,75","386,28591836734745","1,0",RANGE,"0,403339315098845","200,0",alternate
45,2025-11-02T22:00:00+00:00,2025-11-02 23:00:00+00:00,2025-11-03 00:00:00+00:00,long,"110174,79540421616","109935,68096938774","110896,3581593182","109935,68096938774","-3,342291022958108","-1,0",sl,2,"0,6441","0,013977788607185002","1540,0","0,154",regime_mean_reversion,EGARCH_t,True,atr,conservative,"0,75","384,8334693877562","1,0",RANGE,"0,43998101239881005","200,0",alternate
46,2025-11-07T04:00:00+00:00,2025-11-07 05:00:00+00:00,2025-11-07 09:00:00+00:00,long,"102321,1297032189","101214,66944811687","103829,93914199441","101214,66944811687","-7,0","-1,0",sl,5,"0,6441","0,006326481197785","647,3327032035876","0,064733270320358",regime_mean_reversion,EGARCH_t,True,atr,conservative,"0,75","804,69836734694","1,0",RANGE,"0,411042036262102","200,0",alternate
47,2025-11-07T12:00:00+00:00,2025-11-07 17:00:00+00:00,2025-11-07 19:00:00+00:00,long,"101662,91171704399","101133,86674744898","103190,24194663583","103190,24194663583","20,20870100197198","2,8869572859959973",tp,3,"0,6441","0,013231389394664","1345,1415719236097","0,13451415719236",regime_mean_reversion,EGARCH_t,True,atr,conservative,"0,75","814,5761224489813","1,0",RANGE,"0,28966925643137903","200,0",alternate
48,2025-11-08T13:00:00+00:00,2025-11-08 14:00:00+00:00,2025-11-09 14:00:00+00:00,long,"101899,45725551399","101311,02792091836","103424,43187286094","103025,06","13,390255631658377","1,912893661665482",timeout,25,"0,6441","0,011896075855583001","1212,2036731543694","0,121220367315436",regime_mean_reversion,EGARCH_t,True,atr,conservative,"0,75","813,3197959183682","1,0",RANGE,"0,403339315098845","200,0",alternate
49,2025-11-09T20:00:00+00:00,2025-11-09 21:00:00+00:00,2025-11-10 00:00:00+00:00,long,"104782,8840349858","104340,80978316326","105810,36605029191","104340,80978316326","-6,497190395898893","-1,0",sl,4,"0,6441","0,014697056815937002","1540,0","0,154",NHITS,EGARCH_t,True,atr,conservative,"0,75","547,990408163265","1,0",RANGE,"0,5102980923443861","200,0",alternate
50,2025-11-10T08:00:00+00:00,2025-11-10 09:00:00+00:00,2025-11-10 14:00:00+00:00,long,"106342,9459782611","105542,33819764885","107434,68386091416","105542,33819764885","-10,0","-1,0",sl,6,"0,6441","0,012490510637246","1328,277697937653","0,132827769793765",NHITS,EGARCH_t,True,atr,conservative,"0,75","582,2602040816317","1,0",TREND_UP,"0,30578615102343304","200,0",trend
51,2025-11-10T14:00:00+00:00,2025-11-10 15:00:00+00:00,2025-11-10 20:00:00+00:00,long,"105106,63813261729","104778,98963010205","106260,28392343361","106260,28392343361","24,147102265735104","3,520986001645719",tp,6,"0,6441","0,020931123277144","2200,0","0,22",NHITS,EGARCH_t,True,atr,conservative,"0,75","615,2777551020397","1,0",TREND_UP,"0,25","200,0",trend
52,2025-11-10T20:00:00+00:00,2025-11-11 01:00:00+00:00,2025-11-11 01:00:00+00:00,long,"107105,2075261262","106228,38770469764","108300,87091898335","106228,38770469764","-10,0","-1,0",sl,1,"0,6441","0,011404851664629002","1221,5190043448629","0,12215190043448601",NHITS,EGARCH_t,True,atr,conservative,"0,75","637,6871428571419","1,0",TREND_UP,"0,26041893221482504","200,0",trend
53,2025-11-11T08:00:00+00:00,2025-11-11 12:00:00+00:00,2025-11-11 15:00:00+00:00,short,"104632,95407770747","105319,55866071429","103251,53711342176","103251,53711342176","14,083679295662362","2,011954185094623",tp,4,"0,6441","0,010195096527531","1066,743066782995","0,10667430667829901",regime_mean_reversion,EGARCH_t,True,atr,conservative,"0,75","736,7557142857137","1,0",RANGE,"0,21931362382740702","200,0",alternate
54,2025-11-16T04:00:00+00:00,2025-11-16 09:00:00+00:00,2025-11-16 13:00:00+00:00,long,"96517,37270788632","95333,14553951897","98132,22793747815","95333,14553951897","-10,0","-1,0",sl,5,"0,6441","0,008444325773902","815,0241379865616","0,08150241379865601",NHITS,EGARCH_t,True,atr,conservative,"0,75","861,2561224489799",,,,,
55,2025-11-16T15:00:00+00:00,2025-11-16 17:00:00+00:00,2025-11-16 18:00:00+00:00,short,"93893,37355478774","94849,2482996857","92589,90799356325","94849,2482996857","-10,0","-1,0",sl,2,"0,6441","0,010461621727507002","982,2769568497317","0,09822769568497301",NHITS,EGARCH_t,True,atr,conservative,"0,75","695,1816326530615",,,,,
56,2025-11-16T19:00:00+00:00,2025-11-17 00:00:00+00:00,2025-11-17 00:00:00+00:00,long,"95121,76579791344","94207,8049815869","96368,07600199507","94207,8049815869","-7,0","-1,0",sl,1,"0,6441","0,007658971670289","728,5349094741723","0,072853490947417",regime_mean_reversion,EGARCH_t,True,atr,conservative,"0,75","664,6987755102048","1,0",RANGE,"0,545381912582499","200,0",alternate
57,2025-11-17T00:00:00+00:00,2025-11-17 01:00:00+00:00,2025-11-17 13:00:00+00:00,long,"95410,88347086305","94559,06676020409","96671,2500524957","94559,06676020409","-7,0","-1,0",sl,13,"0,6441","0,008217730307949","784,0609088067567","0,078406090880675",regime_mean_reversion,EGARCH_t,True,atr,conservative,"0,75","672,195510204082","1,0",RANGE,"0,27256752827471503","200,0",alternate
58,2025-11-17T13:00:00+00:00,2025-11-17 14:00:00+00:00,2025-11-17 14:00:00+00:00,long,"94853,88269502975","93929,46626645833","96114,45055217261","93929,46626645833","-7,0","-1,0",sl,1,"0,6441","0,007572344869311001","718,2663119599767","0,07182663119599701",regime_mean_reversion,EGARCH_t,True,atr,conservative,"0,75","672,3028571428571","1,0",RANGE,"0,403339315098845","200,0",alternate
59,2025-11-17T17:00:00+00:00,2025-11-17 18:00:00+00:00,2025-11-18 02:00:00+00:00,short,"92368,64928282169","92665,76792091837","90934,12390016862","90934,12390016862","23,91687121591997","4,82812317612425",tp,9,"0,6441","0,016672323477251002","1540,0","0,154",NHITS,EGARCH_t,True,atr,conservative,"0,75","765,0802040816325","1,0",RANGE,"0,309852707028336","200,0",alternate
60,2025-11-18T14:00:00+00:00,2025-11-18 15:00:00+00:00,2025-11-18 15:00:00+00:00,short,"91011,38346577121","92285,18543005692","89274,38078719979","92285,18543005692","-10,0","-1,0",sl,1,"0,6441","0,007850513879217001","714,4861290648597","0,071448612906485",NHITS,EGARCH_t,True,atr,conservative,"0,75","926,4014285714285","1,0",TREND_DOWN,"0,27738983105612003","200,0",trend
61,2025-11-18T17:00:00+00:00,2025-11-18 18:00:00+00:00,2025-11-19 00:00:00+00:00,long,"93518,62853847745","92197,28608949787","95320,45915072235","92197,28608949787","-7,0","-1,0",sl,7,"0,6441","0,005297642564503001","495,42826711946134","0,04954282671194601",regime_mean_reversion,EGARCH_t,True,atr,conservative,"0,75","960,9763265306125","1,0",RANGE,"0,209950706612252","200,0",alternate
62,2025-11-19T10:00:00+00:00,2025-11-19 15:00:00+00:00,2025-11-19 15:00:00+00:00,short,"90732,65392901107","91998,23339329679","89006,86375043963","91998,23339329679","-10,0","-1,0",sl,1,"0,6441","0,007901518855352","716,9257758162149","0,07169257758162101",NHITS,EGARCH_t,True,atr,conservative,"0,75","920,4214285714296",,,,,
63,2025-11-20T05:00:00+00:00,2025-11-20 06:00:00+00:00,2025-11-20 15:00:00+00:00,short,"91714,83194229251","92158,56359693878","90090,68321780271","90090,68321780271","25,62143347760874","3,6602047825155353",tp,10,"0,6441","0,015775300064134003","1446,8289942213773","0,14468289942213702",regime_mean_reversion,EGARCH_t,True,atr,conservative,"0,75","866,2126530612262","1,0",RANGE,"0,5444394680364231","200,0",alternate
64,2025-11-21T06:00:00+00:00,2025-11-21 07:00:00+00:00,2025-11-21 07:00:00+00:00,short,"83879,27784129579","85178,49934639783","82107,61215252028","85178,49934639783","-10,0","-1,0",sl,1,"0,6441","0,007696916931200001","645,6118337935573","0,064561183379355",NHITS,EGARCH_t,True,atr,conservative,"0,75","944,88836734694",,,,,
65,2025-11-21T07:00:00+00:00,2025-11-21 08:00:00+00:00,2025-11-21 10:00:00+00:00,short,"83599,9171417651","84096,77475765307","81696,77645298958","81696,77645298958","38,303542663309344","3,830354266330934",tp,3,"0,6441","0,020126490326868002","1682,5729236807033","0,16825729236807002",NHITS,EGARCH_t,True,atr,conservative,"0,75","1015,0083673469397",,,,,
66,2025-11-21T10:00:00+00:00,2025-11-21 13:00:00+00:00,2025-11-21 15:00:00+00:00,long,"84102,37617023865","83269,50447704083","86084,6357365652","83269,50447704083","-10,0","-1,0",sl,3,"0,6441","0,012006651302561","1009,7879043928838","0,10097879043928801",NHITS,EGARCH_t,True,atr,conservative,"0,75","1057,2051020408169",,,,,
67,2025-11-22T14:00:00+00:00,2025-11-22 15:00:00+00:00,2025-11-23 01:00:00+00:00,short,"84400,94365848284","86055,06921970732","82145,31789317672","86055,06921970732","-10,0","-1,0",sl,11,"0,6441","0,00604549027862","510,2450843937388","0,051024508439373006",NHITS,EGARCH_t,True,atr,conservative,"0,75","1203,0004081632658","1,0",TREND_DOWN,"0,25","200,0",trend
68,2025-11-23T18:00:00+00:00,2025-11-23 19:00:00+00:00,2025-11-24 00:00:00+00:00,long,"86993,31135625036","86690,59230867345","88274,59107563812","86690,59230867345","-7,655552987768118","-1,0",sl,6,"0,6441","0,025289300587612","2200,0","0,22",NHITS,EGARCH_t,True,atr,conservative,"0,75","683,3491836734706",,,,,
69,2025-11-24T04:00:00+00:00,2025-11-24 05:00:00+00:00,2025-11-24 09:00:00+00:00,long,"86860,79166309489","86454,71594387756","88081,6317141153","86454,71594387756","-7,0","-1,0",sl,5,"0,6441","0,017238164383459","1497,320605165872","0,14973206051658702",NHITS,EGARCH_t,True,atr,conservative,"0,75","651,1146938775515","1,0",RANGE,"0,24616103178325702","200,0",alternate
70,2025-11-24T09:00:00+00:00,2025-11-24 11:00:00+00:00,2025-11-24 14:00:00+00:00,long,"86367,00437573901","85437,26108492268","87634,83613594309","85437,26108492268","-10,0","-1,0",sl,4,"0,6441","0,01075565707091","928,9338813072495","0,09289338813072401",NHITS,EGARCH_t,True,atr,conservative,"0,75","676,1769387755107",,,,,
71,2025-11-25T03:00:00+00:00,2025-11-25 08:00:00+00:00,2025-11-25 17:00:00+00:00,short,"87114,82912165561","87539,52335459186","85776,1897083903","87539,52335459186","-7,0","-1,0",sl,10,"0,6441","0,016482446563032","1435,8655158454333","0,143586551584543",regime_mean_reversion,EGARCH_t,True,atr,conservative,"0,75","713,9410204081645","1,0",RANGE,"0,403339315098845","200,0",alternate
72,2025-11-25T17:00:00+00:00,2025-11-25 18:00:00+00:00,2025-11-25 22:00:00+00:00,short,"87243,17394831369","87643,93823979591","85865,95736668103","87643,93823979591","-7,0","-1,0",sl,5,"0,6441","0,017466626016281","1523,8438918285922","0,15238438918285901",regime_mean_reversion,EGARCH_t,True,atr,conservative,"0,75","734,5155102040827","1,0",RANGE,"0,477587230548049","200,0",alternate
73,2025-11-25T22:00:00+00:00,2025-11-26 03:00:00+00:00,2025-11-26 16:00:00+00:00,short,"87277,12078269695","87826,21220663266","85859,60968575817","87826,21220663266","-7,0","-1,0",sl,14,"0,6441","0,012748332417625002","1112,6377481911143","0,11126377481911101",regime_mean_reversion,EGARCH_t,True,atr,conservative,"0,75","756,005918367348","1,0",RANGE,"0,504837617353887","200,0",alternate
74,2025-11-28T10:00:00+00:00,2025-11-28 11:00:00+00:00,2025-11-28 11:00:00+00:00,long,"91977,19537319973","91220,89233748545","93008,5176946283","91220,89233748545","-10,0","-1,0",sl,1,"0,6441","0,013222213223771002","1216,1420889489423","0,12161420889489401",NHITS,EGARCH_t,True,atr,conservative,"0,75","550,0385714285717","1,0",TREND_UP,"0,303334435542912","200,0",trend
75,2025-11-28T11:00:00+00:00,2025-11-28 13:00:00+00:00,2025-11-28 15:00:00+00:00,long,"92125,38885900276","92003,79781887756","93178,17266002318","92003,79781887756","-2,9036543735501192","-1,0",sl,3,"0,6441","0,023880496215512","2200,0","0,22",NHITS,EGARCH_t,True,atr,conservative,"0,75","561,4846938775513","1,0",TREND_UP,"0,31487222729263803","200,0",trend
76,2025-11-28T15:00:00+00:00,2025-11-28 16:00:00+00:00,2025-11-28 16:00:00+00:00,short,"90919,95448436856","91723,77190783795","89823,83981600121","91723,77190783795","-7,0","-1,0",sl,1,"0,6441","0,008708445221039","791,771443126498","0,07917714431264901",regime_mean_reversion,EGARCH_t,True,atr,conservative,"0,75","584,5944897959182","1,0",RANGE,"0,435951805217597","200,0",alternate
77,2025-11-28T21:00:00+00:00,2025-11-28 22:00:00+00:00,2025-11-29 22:00:00+00:00,short,"90776,71180521706","91339,12211734694","89741,14624399257","90773,73","0,037112826826325","0,0053018324037600005",timeout,25,"0,6441","0,012446428966585","1129,8458953038748","0,11298458953038701",regime_mean_reversion,EGARCH_t,True,atr,conservative,"0,75","552,3016326530606","1,0",RANGE,"0,295900227393317","200,0",alternate
78,2025-11-29T23:00:00+00:00,2025-11-30 01:00:00+00:00,2025-11-30 13:00:00+00:00,long,"91045,71895257456","90672,39215561224","91929,36244747252","91929,36244747252","14,94645764565491","2,3669436592496442",tp,13,"0,6441","0,016914578935910002","1540,0","0,154",regime_mean_reversion,EGARCH_t,True,atr,conservative,"0,75","471,276530612245","1,0",RANGE,"0,403339315098845","200,0",alternate
79,2025-11-30T13:00:00+00:00,2025-11-30 14:00:00+00:00,2025-11-30 23:00:00+00:00,short,"91683,4290744761","91793,62950255102","90879,81134488426","90879,81134488426","13,498309520754496","7,292328565597395",tp,10,"0,6441","0,016796928469473","1540,0","0,154",NHITS,EGARCH_t,True,atr,conservative,"0,75","428,59612244898","1,0",RANGE,"0,306163993752659","200,0",alternate
80,2025-12-01T00:00:00+00:00,2025-12-01 03:00:00+00:00,2025-12-01 05:00:00+00:00,short,"86442,05603294514","86553,58179846939","85656,98167070025","85656,98167070025","19,980593662424024","7,039398999455581",tp,3,"0,6441","0,025450574650393003","2200,0","0,22",regime_momentum,EGARCH_t,True,atr,conservative,"0,75","418,70632653061284","1,0",BREAKOUT_VOL_EXPANSION,"0,634632514410838","200,0",alternate
81,2025-12-01T07:00:00+00:00,2025-12-01 08:00:00+00:00,2025-12-01 11:00:00+00:00,long,"86771,21852324576","86132,43870181718","87642,2819161029","86132,43870181718","-7,0","-1,0",sl,4,"0,6441","0,010958392493277002","950,8730696976767","0,09508730696976701",NHITS,EGARCH_t,True,atr,conservative,"0,75","464,56714285714213","1,0",RANGE,"0,20886939961005502","200,0",alternate
82,2025-12-01T11:00:00+00:00,2025-12-01 12:00:00+00:00,2025-12-01 12:00:00+00:00,short,"85937,31519326277","86597,03430040562","85037,69822897705","85037,69822897705","13,636363636363695","1,363636363636369",tp,1,"0,6441","0,015157966309795","1302,634928453788","0,130263492845378",NHITS,EGARCH_t,True,atr,conservative,"0,75","479,7957142857138","1,0",TREND_DOWN,"0,41573972582565205","200,0",trend
83,2025-12-01T12:00:00+00:00,2025-12-01 15:00:00+00:00,2025-12-01 15:00:00+00:00,short,"84656,04120378061","85351,04224969898","83708,31250480101","85351,04224969898","-10,0","-1,0",sl,1,"0,6441","0,014388467555161","1218,0707022090423","0,121807070220904",NHITS,EGARCH_t,True,atr,conservative,"0,75","505,45530612244863","1,0",TREND_DOWN,"0,45452547534136106","200,0",trend
84,2025-12-02T11:00:00+00:00,2025-12-02 13:00:00+00:00,2025-12-02 14:00:00+00:00,long,"87757,57762713222","86779,17673427508","89091,76066284651","89091,76066284651","13,63636363636369","1,363636363636369",tp,2,"0,6441","0,010220759274654","896,9490754537348","0,089694907545373",NHITS,EGARCH_t,True,atr,conservative,"0,75","711,5642857142859",,,,,
85,2025-12-05T04:00:00+00:00,2025-12-05 07:00:00+00:00,2025-12-05 09:00:00+00:00,long,"92509,74155992919","91534,64571809245","93839,41770788837","91534,64571809245","-7,0","-1,0",sl,3,"0,6441","0,007178781510148001","664,1072222190116","0,066410722221901",regime_mean_reversion,EGARCH_t,True,atr,conservative,"0,75","709,1606122448987","1,0",RANGE,"0,17856896051279703","200,0",alternate
86,2025-12-05T09:00:00+00:00,2025-12-05 10:00:00+00:00,2025-12-05 13:00:00+00:00,long,"91289,77046783137","90337,77041681096","92587,95235558647","90337,77041681096","-7,0","-1,0",sl,4,"0,6441","0,007352940782405001","671,2482762893447","0,067124827628934",NHITS,EGARCH_t,True,atr,conservative,"0,75","692,3636734693885","1,0",RANGE,"0,15141190490172002","200,0",alternate
87,2025-12-06T03:00:00+00:00,2025-12-06 08:00:00+00:00,2025-12-07 08:00:00+00:00,short,"89438,57164963667","90376,98034438775","88124,9531547387","89322,39","1,238070899028534","0,12380708990285301",timeout,25,"0,6441","0,010656337751274001","953,0876274900764","0,095308762749007",NHITS,EGARCH_t,True,atr,conservative,"0,75","700,5965306122448",,,,,
88,2025-12-07T12:00:00+00:00,2025-12-07 16:00:00+00:00,2025-12-07 17:00:00+00:00,long,"89748,33069687485","89051,22982952792","90698,92278871158","90698,92278871158","9,54545454545461","1,363636363636373",tp,2,"0,6441","0,010041588424127001","901,2157986104788","0,090121579861047",regime_mean_reversion,EGARCH_t,True,atr,conservative,"0,75","506,98244897959063","1,0",RANGE,"0,34888850756050105","200,0",alternate
89,2025-12-07T17:00:00+00:00,2025-12-07 18:00:00+00:00,2025-12-07 21:00:00+00:00,long,"91496,02957098871","90845,59900976422","92382,98033629483","90845,59900976422","-10,0","-1,0",sl,4,"0,6441","0,015374431332337","1406,6994238207271","0,140669942382072",NHITS,EGARCH_t,True,atr,conservative,"0,75","473,04040816326403","1,0",BREAKOUT_VOL_EXPANSION,"0,289064919429648","200,0",alternate
90,2025-12-07T21:00:00+00:00,2025-12-07 22:00:00+00:00,2025-12-07 23:00:00+00:00,short,"89700,63924653188","89922,01767857141","88830,02317510331","89922,01767857141","-3,8006728625857082","-1,0",sl,2,"0,6441","0,017168216558273","1540,0","0,154",regime_mean_reversion,EGARCH_t,True,atr,conservative,"0,75","464,3285714285707","1,0",RANGE,"0,31252538000421504","200,0",alternate
91,2025-12-07T23:00:00+00:00,2025-12-08 00:00:00+00:00,2025-12-08 01:00:00+00:00,short,"89929,09596586647","90606,81129749912","89004,9386954583","90606,81129749912","-7,0","-1,0",sl,2,"0,6441","0,010328820484459001","928,8614885612099","0,09288614885612001",regime_mean_reversion,EGARCH_t,True,atr,conservative,"0,75","492,8838775510198","1,0",RANGE,"0,29212546185925603","200,0",alternate
92,2025-12-08T09:00:00+00:00,2025-12-08 10:00:00+00:00,2025-12-08 14:00:00+00:00,short,"91854,85482485131","92469,58156887756","90825,52612587172","90825,52612587172","11,721144334253053","1,6744491906075791",tp,5,"0,6441","0,011387173354704001","1045,9671553617995","0,10459671553617901",NHITS,EGARCH_t,True,atr,conservative,"0,75","548,9753061224488","1,0",RANGE,"0,211031220454748","200,0",alternate
93,2025-12-08T14:00:00+00:00,2025-12-08 15:00:00+00:00,2025-12-08 20:00:00+00:00,short,"90250,69501079878","90803,47011479593","89155,72217916613","90803,47011479593","-7,0","-1,0",sl,6,"0,6441","0,012663377835547001","1142,8786508425146","0,11428786508425101",regime_mean_reversion,EGARCH_t,True,atr,conservative,"0,75","583,9855102040812","1,0",RANGE,"0,241397310083544","200,0",alternate
94,2025-12-08T21:00:00+00:00,2025-12-08 23:00:00+00:00,2025-12-09 15:00:00+00:00,short,"90528,13703376909","90865,05792091836","89321,31165111603","90865,05792091836","-5,731457458539498","-1,0",sl,17,"0,6441","0,017011285667190002","1540,0","0,154",regime_mean_reversion,EGARCH_t,True,atr,conservative,"0,75","643,6402040816325","1,0",RANGE,"0,306709953084142","200,0",alternate
95,2025-12-10T09:00:00+00:00,2025-12-10 11:00:00+00:00,2025-12-10 18:00:00+00:00,short,"91960,47098670184","92852,07738976306","90744,64407343653","92852,07738976306","-7,0","-1,0",sl,8,"0,6441","0,007850997902175","721,9814647996809","0,072198146479968",regime_mean_reversion,EGARCH_t,True,atr,conservative,"0,75","648,4410204081623","1,0",RANGE,"0,28503480915087803","200,0",alternate
96,2025-12-10T18:00:00+00:00,2025-12-10 19:00:00+00:00,2025-12-10 19:00:00+00:00,short,"91823,43106825756","92702,2575478494","90625,03132335961","92702,2575478494","-7,0","-1,0",sl,1,"0,6441","0,007965167370982","731,3889970365129","0,073138899703651",regime_mean_reversion,EGARCH_t,True,atr,conservative,"0,75","639,1465306122436","1,0",RANGE,"0,25046282232224704","200,0",alternate
97,2025-12-10T19:00:00+00:00,2025-12-10 21:00:00+00:00,2025-12-11 01:00:00+00:00,short,"92047,54422614211","92418,41321428571","90821,60494042783","90821,60494042783","20,510558058579942","3,305585866995161",tp,5,"0,6441","0,016730484370300003","1540,0","0,154",regime_mean_reversion,EGARCH_t,True,atr,conservative,"0,75","653,8342857142846","1,0",RANGE,"0,25626489394561003","200,0",alternate
98,2025-12-11T01:00:00+00:00,2025-12-11 02:00:00+00:00,2025-12-11 18:00:00+00:00,short,"89988,21003334853","90710,42785714286","88667,8028904914","90710,42785714286","-10,0","-1,0",sl,17,"0,6441","0,013846238171557002","1245,9981887538543","0,12459981887538502",regime_momentum,EGARCH_t,True,atr,conservative,"0,75","704,2171428571413","1,0",BREAKOUT_VOL_EXPANSION,"0,125199479512797","200,0",alternate
99,2025-12-11T20:00:00+00:00,2025-12-11 21:00:00+00:00,2025-12-11 21:00:00+00:00,long,"93014,59779371833","92076,79475800405","94293,4201151469","92076,79475800405","-7,0","-1,0",sl,1,"0,6441","0,0074642539354420005","694,2845776353358","0,069428457763533",NHITS,EGARCH_t,True,atr,conservative,"0,75","682,0385714285705","1,0",RANGE,"0,25192499939828","200,0",alternate
100,2025-12-12T09:00:00+00:00,2025-12-12 14:00:00+00:00,2025-12-12 15:00:00+00:00,short,"91917,33050943367","92931,51030535203","90534,35806045408","90534,35806045408","9,545454545454609","1,363636363636372",tp,2,"0,6441","0,00690212921631","634,4252923944364","0,063442529239443",regime_mean_reversion,EGARCH_t,True,atr,conservative,"0,75","737,5853061224485","1,0",RANGE,"0,5289869397579431","200,0",alternate
101,2025-12-12T21:00:00+00:00,2025-12-12 22:00:00+00:00,2025-12-13 22:00:00+00:00,long,"90274,69638908363","89314,05067479792","91584,66781765506","90153,17","-0,8855342931686091","-0,12650489902408701",timeout,25,"0,6441","0,007286765449429001","657,8105386057465","0,06578105386057401",NHITS,EGARCH_t,True,atr,conservative,"0,75","698,6514285714288","1,0",RANGE,"0,474273756459239","200,0",alternate
102,2025-12-13T23:00:00+00:00,2025-12-14 00:00:00+00:00,2025-12-14 11:00:00+00:00,short,"90199,04327383846","90642,86459183674","89425,53000853233","89425,53000853233","17,428483805032528","1,742848380503252",tp,12,"0,6441","0,0225315900667","2032,3278674546907","0,20323278674546902",NHITS,EGARCH_t,True,atr,conservative,"0,75","412,5404081632658","1,0",TREND_DOWN,"0,285913496105471","200,0",trend
103,2025-12-14T21:00:00+00:00,2025-12-15 02:00:00+00:00,2025-12-15 02:00:00+00:00,long,"89795,58572183791","89386,36355347057","90353,61595142975","89386,36355347057","-7,0","-1,0",sl,1,"0,6441","0,017105622669289","1536,0094067255548","0,153600940672555",regime_mean_reversion,EGARCH_t,True,atr,conservative,"0,75","297,61612244897935","1,0",RANGE,"0,549398970648834","200,0",alternate
104,2025-12-15T02:00:00+00:00,2025-12-15 04:00:00+00:00,2025-12-15 14:00:00+00:00,long,"89587,06019522106","89253,9855867347","90256,38238909861","89253,9855867347","-5,72554670229418","-1,0",sl,11,"0,6441","0,017189982533684003","1540,0","0,154",regime_mean_reversion,EGARCH_t,True,atr,conservative,"0,75","356,9718367346941","1,0",RANGE,"0,308966887074818","200,0",alternate
105,2025-12-16T06:00:00+00:00,2025-12-16 07:00:00+00:00,2025-12-16 10:00:00+00:00,short,"86252,68931540934","87063,21614795917","85144,31099908281","87063,21614795917","-10,0","-1,0",sl,4,"0,6441","0,012337654471649001","1064,155878024018","0,10641558780240101",NHITS,EGARCH_t,True,atr,conservative,"0,75","591,1351020408159","1,0",TREND_DOWN,"0,357666885460994","200,0",trend
106,2025-12-16T11:00:00+00:00,2025-12-16 13:00:00+00:00,2025-12-16 13:00:00+00:00,short,"86730,9981121548","87599,95040807317","85546,06316317522","87599,95040807317","-10,0","-1,0",sl,1,"0,6441","0,011508111604022","998,1100058029272","0,099811000580292",NHITS,EGARCH_t,True,atr,conservative,"0,75","631,9653061224484","1,0",TREND_DOWN,"0,284112129824018","200,0",trend
107,2025-12-16T13:00:00+00:00,2025-12-16 14:00:00+00:00,2025-12-16 14:00:00+00:00,short,"86225,02650647578","87097,37280749618","85035,46336872068","87097,37280749618","-10,0","-1,0",sl,1,"0,6441","0,011463337424945002","988,4265733186096","0,09884265733186001",NHITS,EGARCH_t,True,atr,conservative,"0,75","634,4336734693866","1,0",TREND_DOWN,"0,31186716750083104","200,0",trend
108,2025-12-16T18:00:00+00:00,2025-12-16 21:00:00+00:00,2025-12-17 04:00:00+00:00,long,"87889,11592505434","86942,62120566658","89179,79054240129","86942,62120566658","-7,0","-1,0",sl,8,"0,6441","0,0073957095128090004","650,0023707193401","0,065000237071934",regime_mean_reversion,EGARCH_t,True,atr,conservative,"0,75","688,3597959183666","1,0",RANGE,"0,13235463805453201","200,0",alternate
109,2025-12-18T05:00:00+00:00,2025-12-18 06:00:00+00:00,2025-12-18 10:00:00+00:00,short,"86391,4093162723","87407,32161219067","85006,0743672927","87407,32161219067","-7,0","-1,0",sl,5,"0,6441","0,0068903585753650005","595,2677880202524","0,059526778802025004",NHITS,EGARCH_t,True,atr,conservative,"0,75","738,8453061224495","1,0",RANGE,"0,304738226048044","200,0",alternate
110,2025-12-18T12:00:00+00:00,2025-12-18 17:00:00+00:00,2025-12-18 17:00:00+00:00,short,"86592,86092322122","87565,16607628245","85266,99025995591","87565,16607628245","-7,0","-1,0",sl,1,"0,6441","0,007199385890284","623,4154211300141","0,062341542113001004",NHITS,EGARCH_t,True,atr,conservative,"0,75","707,1310204081644","1,0",RANGE,"0,314793121616466","200,0",alternate
111,2025-12-19T04:00:00+00:00,2025-12-19 05:00:00+00:00,2025-12-19 07:00:00+00:00,short,"86790,72051996787","87959,85664241685","85196,44398935563","87959,85664241685","-6,999999999999998","-1,0",sl,3,"0,6441","0,005987326766824","519,6444040811738","0,051964440408117006",regime_mean_reversion,EGARCH_t,True,atr,conservative,"0,75","850,280816326532","1,0",RANGE,"0,298389820865095","200,0",alternate
112,2025-12-19T12:00:00+00:00,2025-12-19 17:00:00+00:00,2025-12-19 20:00:00+00:00,short,"87158,26191303879","88310,60479569185","85586,88525487552","88310,60479569185","-7,0","-1,0",sl,4,"0,6441","0,006074580843406001","529,4499081615448","0,052944990816154",regime_mean_reversion,EGARCH_t,True,atr,conservative,"0,75","838,06755102041","1,0",RANGE,"0,5811351946662281","200,0",alternate
113,2025-12-21T08:00:00+00:00,2025-12-21 13:00:00+00:00,2025-12-21 13:00:00+00:00,short,"87950,15157093946","88472,77447910272","87237,48396889864","88472,77447910272","-7,0","-1,0",sl,1,"0,6441","0,013393978508521","1178,0024399624142","0,117800243996241",regime_mean_reversion,EGARCH_t,True,atr,conservative,"0,75","380,089387755103","1,0",RANGE,"0,292093909282851","200,0",alternate
114,2025-12-21T13:00:00+00:00,2025-12-21 14:00:00+00:00,2025-12-21 23:00:00+00:00,long,"87907,07121057666","87753,70729591836","88654,7645779236","88654,7645779236","13,098466026197901","4,875288747113871",tp,10,"0,6441","0,017518499692829002","1540,0","0,154",regime_mean_reversion,EGARCH_t,True,atr,conservative,"0,75","398,7697959183683","1,0",RANGE,"0,25258350747052905","200,0",alternate
115,2025-12-21T23:00:00+00:00,2025-12-22 02:00:00+00:00,2025-12-22 02:00:00+00:00,short,"88224,02848864454","88628,40672844046","87672,60361619556","88628,40672844046","-7,0","-1,0",sl,1,"0,6441","0,017310525916361","1527,204331598534","0,152720433159853",NHITS,EGARCH_t,True,atr,conservative,"0,75","294,09326530612316","1,0",RANGE,"0,422034114672361","200,0",alternate
116,2025-12-22T06:00:00+00:00,2025-12-22 07:00:00+00:00,2025-12-22 08:00:00+00:00,long,"89063,01729960425","88592,88403429813","89704,10811593078","89704,10811593078","9,545454545454428","1,363636363636346",tp,2,"0,6441","0,014889395234438002","1326,0944653454346","0,132609446534543",NHITS,EGARCH_t,True,atr,conservative,"0,75","341,91510204081686","1,0",RANGE,"0,41944518685311005","200,0",alternate
117,2025-12-22T08:00:00+00:00,2025-12-22 09:00:00+00:00,2025-12-22 09:00:00+00:00,long,"89773,34266340552","89281,47513789532","90444,07110728307","89281,47513789532","-7,0","-1,0",sl,1,"0,6441","0,014231474201796001","1277,6070101233151","0,127760701012331",NHITS,EGARCH_t,True,atr,conservative,"0,75","357,7218367346941","1,0",RANGE,"0,28820066964867","200,0",alternate
118,2025-12-22T14:00:00+00:00,2025-12-22 19:00:00+00:00,2025-12-22 19:00:00+00:00,short,"88951,63568650809","89501,68872222237","88201,56336507952","88201,56336507952","9,545454545454511","1,363636363636358",tp,1,"0,6441","0,012726045572878","1132,002569528562","0,11320025695285602",regime_mean_reversion,EGARCH_t,True,atr,conservative,"0,75","400,0385714285723","1,0",RANGE,"0,36152434839392805","200,0",alternate
119,2025-12-22T19:00:00+00:00,2025-12-22 21:00:00+00:00,2025-12-23 03:00:00+00:00,long,"88489,63714084492","87950,08098214286","89350,13624798777","87950,08098214286","-7,0","-1,0",sl,7,"0,6441","0,012973626353999","1148,031488466346","0,114803148846634",regime_mean_reversion,EGARCH_t,True,atr,conservative,"0,75","458,93285714285787","1,0",RANGE,"0,320236707906467","200,0",alternate
120,2025-12-26T13:00:00+00:00,2025-12-26 14:00:00+00:00,2025-12-26 14:00:00+00:00,short,"87829,57382845815","88397,70137947856","87054,85444070304","88397,70137947856","-7,0","-1,0",sl,1,"0,6441","0,012321176798110001","1082,1637072431215","0,108216370724312",regime_mean_reversion,EGARCH_t,True,atr,conservative,"0,75","413,18367346938834","1,0",RANGE,"0,27603014451623203","200,0",alternate
121,2025-12-26T16:00:00+00:00,2025-12-26 20:00:00+00:00,2025-12-27 00:00:00+00:00,long,"87580,7598456037","86985,9368098894","88391,88216703226","86985,9368098894","-7,0","-1,0",sl,5,"0,6441","0,011768205970022","1030,6684208741688","0,10306684208741601",regime_mean_reversion,EGARCH_t,True,atr,conservative,"0,75","432,59857142857237","1,0",RANGE,"0,242794783342015","200,0",alternate
122,2025-12-27T02:00:00+00:00,2025-12-27 07:00:00+00:00,2025-12-28 07:00:00+00:00,long,"87613,46735642228","87029,67112244897","88417,96633601411","87668,32","0,6577098012963121","0,09395854304233",timeout,25,"0,6441","0,011990485023101","1050,527968159176","0,105052796815917",regime_mean_reversion,EGARCH_t,True,atr,conservative,"0,75","429,0661224489806","1,0",RANGE,"0,5803320587103561","200,0",alternate
123,2025-12-28T07:00:00+00:00,2025-12-28 08:00:00+00:00,2025-12-28 20:00:00+00:00,long,"87806,12234446837","87408,29640059081","88348,61226793776","87408,29640059081","-6,977326150082896","-1,0",sl,13,"0,6441","0,017538640346267002","1540,0","0,154",regime_mean_reversion,EGARCH_t,True,atr,conservative,"0,75","289,3279591836742","1,0",RANGE,"0,22282698047204402","200,0",alternate
124,2025-12-28T20:00:00+00:00,2025-12-28 21:00:00+00:00,2025-12-28 22:00:00+00:00,long,"87536,34353731354","87275,12047608905","87892,55680261967","87892,55680261967","6,266750545019065","1,363636363636384",tp,2,"0,6441","0,017592692792149003","1540,0","0,154",regime_mean_reversion,EGARCH_t,True,atr,conservative,"0,75","189,98040816326548","1,0",RANGE,"0,403339315098845","200,0",alternate
125,2025-12-28T22:00:00+00:00,2025-12-28 23:00:00+00:00,2025-12-28 23:00:00+00:00,short,"87660,75482861474","87922,40442045146","87303,95993065555","87922,40442045146","-4,596587973904061","-1,0",sl,1,"0,6441","0,017567724610754003","1540,0","0,154",regime_mean_reversion,EGARCH_t,True,atr,conservative,"0,75","190,29061224489806","1,0",RANGE,"0,403339315098845","200,0",alternate
126,2025-12-29T00:00:00+00:00,2025-12-29 01:00:00+00:00,2025-12-29 02:00:00+00:00,short,"88126,96989528365","88182,37744897959","87748,89948712038","88182,37744897959","-0,9682351815016631","-1,0",sl,2,"0,6441","0,017474786683689","1540,0","0,154",NHITS,EGARCH_t,True,atr,conservative,"0,75","201,63755102040827","1,0",RANGE,"0,265753617834431","200,0",alternate
127,2025-12-29T04:00:00+00:00,2025-12-29 09:00:00+00:00,2025-12-29 09:00:00+00:00,short,"88283,05582648944","88623,84761220372","87818,33975506086","88623,84761220372","-5,944734752175772","-1,0",sl,1,"0,6441","0,017443890966197","1540,0","0,154",regime_mean_reversion,EGARCH_t,True,atr,conservative,"0,75","247,84857142857146","1,0",RANGE,"0,49469562738064105","200,0",alternate
128,2025-12-29T09:00:00+00:00,2025-12-29 12:00:00+00:00,2025-12-29 12:00:00+00:00,short,"87398,03259486987","87814,2408856862","86830,47583466579","86830,47583466579","13,636363636363605","1,36363636363636",tp,1,"0,6441","0,024026431526355002","2099,8628456788333","0,209986284567883",NHITS,EGARCH_t,True,atr,conservative,"0,75","302,69693877551066",,,,,
129,2025-12-29T14:00:00+00:00,2025-12-29 15:00:00+00:00,2025-12-29 15:00:00+00:00,short,"87267,57295177839","87747,19596198248","86613,54157422738","87747,19596198248","-10,0","-1,0",sl,1,"0,6441","0,020849708598728003","1819,503466162827","0,181950346616282",NHITS,EGARCH_t,True,atr,conservative,"0,75","348,81673469387823",,,,,
130,2025-12-29T17:00:00+00:00,2025-12-29 18:00:00+00:00,2025-12-29 18:00:00+00:00,long,"87840,74186848485","87326,47082256648","88542,02056746444","87326,47082256648","-7,0","-1,0",sl,1,"0,6441","0,013611499335918001","1195,6441996094625","0,11956441996094601",regime_mean_reversion,EGARCH_t,True,atr,conservative,"0,75","374,01530612244926","1,0",RANGE,"0,188715492917852","200,0",alternate
131,2025-12-29T18:00:00+00:00,2025-12-29 20:00:00+00:00,2025-12-30 07:00:00+00:00,short,"87171,43447914535","87499,37965561225","86449,25297404331","87499,37965561225","-5,79359023717637","-1,0",sl,12,"0,6441","0,017666337708007","1540,0","0,154",NHITS,EGARCH_t,True,atr,conservative,"0,75","385,1634693877556","1,0",RANGE,"0,217474536514276","200,0",alternate
132,2025-12-30T07:00:00+00:00,2025-12-30 08:00:00+00:00,2025-12-30 14:00:00+00:00,long,"87630,70269347198","87247,51584183672","88414,15192816585","88414,15192816585","13,768140438732921","2,044561892848093",tp,7,"0,6441","0,017573749298654","1540,0","0,154",regime_mean_reversion,EGARCH_t,True,atr,conservative,"0,75","417,8395918367353","1,0",RANGE,"0,32941652704086305","200,0",alternate
133,2025-12-30T19:00:00+00:00,2025-12-30 20:00:00+00:00,2025-12-31 01:00:00+00:00,short,"87800,41673281041","88504,41589097367","86840,41788076959","88504,41589097367","-10,0","-1,0",sl,6,"0,6441","0,01420456244023","1247,1665017594905","0,124716650175949",NHITS,EGARCH_t,True,atr,conservative,"0,75","511,99938775510293",,,,,
134,2025-12-31T06:00:00+00:00,2025-12-31 07:00:00+00:00,2025-12-31 15:00:00+00:00,long,"88480,1580512156","88143,54635204081","89349,66136754214","88143,54635204081","-5,858737463252846","-1,0",sl,9,"0,6441","0,017405032200649","1540,0","0,154",NHITS,EGARCH_t,True,atr,conservative,"0,75","463,7351020408173","1,0",RANGE,"0,405808530899175","200,0",alternate
135,2025-12-31T20:00:00+00:00,2026-01-01 01:00:00+00:00,2026-01-01 22:00:00+00:00,long,"87780,8291081365","87561,81451530612","88540,99773058548","88540,99773058548","13,336165657871677","3,470858323297661",tp,22,"0,6441","0,017543693943729","1540,0","0,154",regime_mean_reversion,EGARCH_t,True,atr,conservative,"0,75","405,4232653061226","1,0",RANGE,"0,32139693617673004","200,0",alternate
136,2026-01-02T01:00:00+00:00,2026-01-02 02:00:00+00:00,2026-01-02 03:00:00+00:00,short,"88286,048220731","88695,49768501671","87727,70804215957","88695,49768501671","-7,0","-1,0",sl,2,"0,6441","0,017096126898618003","1509,3494837591727","0,150934948375917",regime_mean_reversion,EGARCH_t,True,atr,conservative,"0,75","297,7814285714284","1,0",RANGE,"0,49368309975836805","200,0",alternate
137,2026-01-02T03:00:00+00:00,2026-01-02 06:00:00+00:00,2026-01-02 10:00:00+00:00,long,"88976,32393751809","88763,57427295919","89535,10187119155","89535,10187119155","9,671314567473276","2,626457413373614",tp,5,"0,6441","0,01730797510899","1540,0","0,154",NHITS,EGARCH_t,True,atr,conservative,"0,75","298,0148979591836","1,0",RANGE,"0,44388607930962204","200,0",alternate
138,2026-01-02T10:00:00+00:00,2026-01-02 14:00:00+00:00,2026-01-02 14:00:00+00:00,short,"88458,4360232504","88886,2779365157","87875,01523243407","88886,2779365157","-7,0","-1,0",sl,1,"0,6441","0,016361183378635","1447,2846931637055","0,14472846931637",regime_mean_reversion,EGARCH_t,True,atr,conservative,"0,75","311,15775510204105","1,0",RANGE,"0,23023371601234402","200,0",alternate
139,2026-01-05T21:00:00+00:00,2026-01-05 22:00:00+00:00,2026-01-06 02:00:00+00:00,long,"94148,25635975995","93531,38954853546","94989,43837506608","93531,38954853546","-10,0","-1,0",sl,5,"0,6441","0,016210954809109","1526,2331292045665","0,152623312920456",NHITS,EGARCH_t,True,atr,conservative,"0,75","448,63040816326617","1,0",TREND_UP,"0,439602683616645","200,0",trend
140,2026-01-06T19:00:00+00:00,2026-01-06 21:00:00+00:00,2026-01-06 21:00:00+00:00,long,"93382,4258268442","92641,63166868094","94392,59967888503","92641,63166868094","-10,0","-1,0",sl,1,"0,6441","0,013499026537674002","1260,5718443889757","0,12605718443889702",NHITS,EGARCH_t,True,atr,conservative,"0,75","538,759387755103",,,,,
141,2026-01-06T21:00:00+00:00,2026-01-06 22:00:00+00:00,2026-01-07 09:00:00+00:00,short,"93174,76923446797","93356,47515306123","92107,05545895777","92107,05545895777","25,21036891662612","5,876053921502859",tp,12,"0,6441","0,023611542245560002","2200,0","0,22",NHITS,EGARCH_t,True,atr,conservative,"0,75","569,4473469387764",,,,,
142,2026-01-07T09:00:00+00:00,2026-01-07 11:00:00+00:00,2026-01-07 15:00:00+00:00,long,"92003,65157719087","91187,84892412965","93116,10974045619","91187,84892412965","-10,0","-1,0",sl,5,"0,6441","0,012257866485817","1127,7684772408554","0,11277684772408501",NHITS,EGARCH_t,True,atr,conservative,"0,75","593,3110204081634",,,,,
143,2026-01-09T01:00:00+00:00,2026-01-09 02:00:00+00:00,2026-01-09 08:00:00+00:00,long,"91374,81603135355","90611,6551129862","92415,49001094539","90611,6551129862","-7,0","-1,0",sl,7,"0,6441","0,009172377452156","838,1243022609762","0,08381243022609701",regime_mean_reversion,EGARCH_t,True,atr,conservative,"0,75","555,0261224489786","1,0",RANGE,"0,316556658259452","200,0",alternate
144,2026-01-09T09:00:00+00:00,2026-01-09 13:00:00+00:00,2026-01-09 14:00:00+00:00,long,"90825,73896796726","90062,13131490604","91867,02213123257","90062,13131490604","-7,0","-1,0",sl,2,"0,6441","0,009167011320457","832,6005773082526","0,08326005773082501",regime_mean_reversion,EGARCH_t,True,atr,conservative,"0,75","555,3510204081626","1,0",RANGE,"0,403339315098845","200,0",alternate
145,2026-01-09T14:00:00+00:00,2026-01-09 15:00:00+00:00,2026-01-09 15:00:00+00:00,long,"90788,62301814594","90032,36880896226","91819,87875794186","90032,36880896226","-7,0","-1,0",sl,1,"0,6441","0,009256146828664","840,352825028264","0,084035282502826",regime_mean_reversion,EGARCH_t,True,atr,conservative,"0,75","550,0030612244897","1,0",RANGE,"0,41008968857835704","200,0",alternate
146,2026-01-09T15:00:00+00:00,2026-01-09 16:00:00+00:00,2026-01-09 18:00:00+00:00,long,"91524,41344725923","90728,79916154494","92609,34201868779","90728,79916154494","-10,0","-1,0",sl,3,"0,6441","0,012568904530192","1150,3616148004523","0,11503616148004502",NHITS,EGARCH_t,True,atr,conservative,"0,75","578,6285714285715",,,,,
147,2026-01-10T04:00:00+00:00,2026-01-10 07:00:00+00:00,2026-01-10 23:00:00+00:00,long,"90519,48168701185","89779,12977374655","91529,05247782818","90385,54","-1,266413704460877","-0,18091624349441102",timeout,17,"0,6441","0,009454963071719","855,8583566218491","0,085585835662184",regime_mean_reversion,EGARCH_t,True,atr,conservative,"0,75","538,437755102041","1,0",RANGE,"0,62763528347163","200,0",alternate
